<?xml version="1.0" encoding="UTF-8"?>
<project-private xmlns="http://www.netbeans.org/ns/project-private/1">
    <editor-bookmarks xmlns="http://www.netbeans.org/ns/editor-bookmarks/2" lastBookmarkId="0"/>
    <open-files xmlns="http://www.netbeans.org/ns/projectui-open-files/2">
        <group>
            <file>file:/E:/Computing%20Level%208/DK821%20Year%204/Semester%201/Team%20Project/Code/Service%20Loop/www/js/modules/index/apply_to_be_tutor_module.js</file>
            <file>file:/E:/Computing%20Level%208/DK821%20Year%204/Semester%201/Team%20Project/Code/Service%20Loop/www/js/modules/index/request_tutorial_module.js</file>
            <file>file:/E:/Computing%20Level%208/DK821%20Year%204/Semester%201/Team%20Project/Code/Service%20Loop/www/js/modules/index/forum_module.js</file>
            <file>file:/E:/Computing%20Level%208/DK821%20Year%204/Semester%201/Team%20Project/Code/Service%20Loop/www/js/modules/common_functions.js</file>
            <file>file:/E:/Computing%20Level%208/DK821%20Year%204/Semester%201/Team%20Project/Code/Service%20Loop/www/js/classes/notifications.js</file>
            <file>file:/E:/Computing%20Level%208/DK821%20Year%204/Semester%201/Team%20Project/Code/Service%20Loop/www/js/classes/User.js</file>
            <file>file:/E:/Computing%20Level%208/DK821%20Year%204/Semester%201/Team%20Project/Code/Service%20Loop/www/js/classes/Posts.js</file>
            <file>file:/E:/Computing%20Level%208/DK821%20Year%204/Semester%201/Team%20Project/Code/Service%20Loop/www/js/modules/index/notifications_module.js</file>
            <file>file:/E:/Computing%20Level%208/DK821%20Year%204/Semester%201/Team%20Project/Code/Service%20Loop/www/index.html</file>
            <file>file:/E:/Computing%20Level%208/DK821%20Year%204/Semester%201/Team%20Project/Code/Service%20Loop/www/js/modules/index/home_module.js</file>
        </group>
    </open-files>
</project-private>
