{
  "prepare_queue": {
    "installed": [],
    "uninstalled": []
  },
  "config_munge": {
    "files": {
      "res/xml/config.xml": {
        "parents": {
          "/*": [
            {
              "xml": "<feature name=\"Notification\"><param name=\"android-package\" value=\"org.apache.cordova.dialogs.Notification\" /></feature>",
              "count": 1
            },
            {
              "xml": "<feature name=\"SplashScreen\"><param name=\"android-package\" value=\"org.apache.cordova.splashscreen.SplashScreen\" /><param name=\"onload\" value=\"true\" /></feature>",
              "count": 1
            },
            {
              "xml": "<feature name=\"Whitelist\"><param name=\"android-package\" value=\"org.apache.cordova.whitelist.WhitelistPlugin\" /><param name=\"onload\" value=\"true\" /></feature>",
              "count": 1
            },
            {
              "xml": "<feature name=\"FingerprintAuth\"><param name=\"android-package\" value=\"com.cordova.plugin.android.fingerprintauth.FingerprintAuth\" /></feature>",
              "count": 1
            },
            {
              "xml": "<feature name=\"SecureKeyStore\"><param name=\"android-package\" value=\"com.securekeystore.plugin.SecureKeyStore\" /></feature>",
              "count": 1
            },
            {
              "xml": "<feature name=\"DeviceFeedback\"><param name=\"android-package\" value=\"cz.Velda.cordova.plugin.devicefeedback.DeviceFeedback\" /><param name=\"onload\" value=\"true\" /></feature>",
              "count": 1
            }
          ]
        }
      },
      "AndroidManifest.xml": {
        "parents": {
          "/*": [
            {
              "xml": "<uses-permission android:name=\"android.permission.USE_FINGERPRINT\" />",
              "count": 1
            }
          ]
        }
      },
      "app/src/main/AndroidManifest.xml": {
        "parents": {
          "/manifest/application": [
            {
              "xml": "<application android:usesCleartextTraffic=\"true\" />",
              "count": 1,
              "mode": "merge",
              "id": "config.xml",
              "oldAttrib": {
                "android:hardwareAccelerated": "true",
                "android:icon": "@mipmap/ic_launcher",
                "android:label": "@string/app_name",
                "android:supportsRtl": "true",
                "android:usesCleartextTraffic": "true"
              }
            }
          ]
        }
      }
    }
  },
  "installed_plugins": {
    "cordova-plugin-dialogs": {
      "PACKAGE_NAME": "com.dkit.serviceloop"
    },
    "cordova-plugin-splashscreen": {
      "PACKAGE_NAME": "com.dkit.serviceloop"
    },
    "cordova-plugin-whitelist": {
      "PACKAGE_NAME": "com.dkit.serviceloop"
    },
    "cordova-plugin-android-fingerprint-auth": {
      "PACKAGE_NAME": "com.dkit.serviceloop"
    },
    "cordova-plugin-secure-key-store": {
      "PACKAGE_NAME": "com.dkit.serviceloop"
    },
    "cordova-plugin-velda-devicefeedback": {
      "PACKAGE_NAME": "com.dkit.serviceloop"
    }
  },
  "dependent_plugins": {},
  "modules": [
    {
      "id": "cordova-plugin-dialogs.notification",
      "file": "plugins/cordova-plugin-dialogs/www/notification.js",
      "pluginId": "cordova-plugin-dialogs",
      "merges": [
        "navigator.notification"
      ]
    },
    {
      "id": "cordova-plugin-dialogs.notification_android",
      "file": "plugins/cordova-plugin-dialogs/www/android/notification.js",
      "pluginId": "cordova-plugin-dialogs",
      "merges": [
        "navigator.notification"
      ]
    },
    {
      "id": "cordova-plugin-splashscreen.SplashScreen",
      "file": "plugins/cordova-plugin-splashscreen/www/splashscreen.js",
      "pluginId": "cordova-plugin-splashscreen",
      "clobbers": [
        "navigator.splashscreen"
      ]
    },
    {
      "id": "cordova-plugin-android-fingerprint-auth.FingerprintAuth",
      "file": "plugins/cordova-plugin-android-fingerprint-auth/www/FingerprintAuth.js",
      "pluginId": "cordova-plugin-android-fingerprint-auth",
      "clobbers": [
        "FingerprintAuth"
      ]
    },
    {
      "id": "cordova-plugin-secure-key-store.SecureKeyStore",
      "file": "plugins/cordova-plugin-secure-key-store/www/SecureKeyStore.js",
      "pluginId": "cordova-plugin-secure-key-store",
      "clobbers": [
        "cordova.plugins.SecureKeyStore"
      ]
    },
    {
      "id": "cordova-plugin-velda-devicefeedback.DeviceFeedback",
      "file": "plugins/cordova-plugin-velda-devicefeedback/DeviceFeedback.js",
      "pluginId": "cordova-plugin-velda-devicefeedback",
      "clobbers": [
        "window.plugins.deviceFeedback"
      ]
    }
  ],
  "plugin_metadata": {
    "cordova-plugin-dialogs": "2.0.2",
    "cordova-plugin-splashscreen": "3.2.2",
    "cordova-plugin-whitelist": "1.3.3",
    "cordova-plugin-android-fingerprint-auth": "1.5.0",
    "cordova-plugin-secure-key-store": "1.5.4",
    "cordova-plugin-velda-devicefeedback": "0.0.2"
  }
}
